date,commodity_group,index,inflation_yoy,inflation_mom
2020-01-01,Alcohol and tobacco,321.51,,
2020-02-01,Alcohol and tobacco,324.99,,1.0823924605766644
2020-03-01,Alcohol and tobacco,326.33,,0.4123203790885821
2020-04-01,Alcohol and tobacco,326.89,,0.17160543008611917
2020-05-01,Alcohol and tobacco,326.42,,-0.14377925295969707
2020-06-01,Alcohol and tobacco,324.39,,-0.62189816800442
2020-07-01,Alcohol and tobacco,327.39,,0.9248127254231076
2020-08-01,Alcohol and tobacco,325.69,,-0.5192583768593995
2020-09-01,Alcohol and tobacco,328.11,,0.7430378580859154
2020-10-01,Alcohol and tobacco,325.28,,-0.8625156197616723
2020-11-01,Alcohol and tobacco,325.16,,-0.03689129365468391
2020-12-01,Alcohol and tobacco,324.16,,-0.3075409029400955
2021-01-01,Alcohol and tobacco,326.73,1.6235886908649855,0.7928183613030493
2021-02-01,Alcohol and tobacco,329.36,1.3446567586695046,0.8049459798610492
2021-03-01,Alcohol and tobacco,331.1,1.4617105384120421,0.5282973038620353
2021-04-01,Alcohol and tobacco,330.45,1.0890513628437626,-0.19631531259439727
2021-05-01,Alcohol and tobacco,329.97,1.087555909564375,-0.14525646845210405
2021-06-01,Alcohol and tobacco,328.52,1.2731588519991455,-0.4394338879292192
2021-07-01,Alcohol and tobacco,330.23,0.867466935459249,0.5205162547181397
2021-08-01,Alcohol and tobacco,332.2,1.9988332463385383,0.5965539169669576
2021-09-01,Alcohol and tobacco,332.75,1.4141598854042758,0.16556291390728006
2021-10-01,Alcohol and tobacco,336.76,3.5292670929660597,1.205108940646138
2021-11-01,Alcohol and tobacco,336.85,3.595153155369668,0.02672526428317834
2021-12-01,Alcohol and tobacco,334.29,3.125,-0.759982187917474
2022-01-01,Alcohol and tobacco,337.91,3.4217855721849766,1.0828920996739377
2022-02-01,Alcohol and tobacco,341.44,3.6677192130191827,1.044656861294424
2022-03-01,Alcohol and tobacco,342.47,3.4340078526124973,0.30166354264293815
2022-04-01,Alcohol and tobacco,343.23,3.867453472537452,0.22191724822611114
2022-05-01,Alcohol and tobacco,348.28,5.5489893020577385,1.4713166098534458
2022-06-01,Alcohol and tobacco,348.52,6.087909411907955,0.06891007235558799
2022-07-01,Alcohol and tobacco,351.0,6.289555764164367,0.7115803971077694
2022-08-01,Alcohol and tobacco,352.35,6.065623118603258,0.38461538461538325
2022-09-01,Alcohol and tobacco,356.06,7.005259203606307,1.0529303249609656
2022-10-01,Alcohol and tobacco,359.11,6.636773963653653,0.8565972027186453
2022-11-01,Alcohol and tobacco,360.28,6.9556182276977685,0.3258054635070007
2022-12-01,Alcohol and tobacco,358.16,7.140506745640018,-0.5884312201620778
2023-01-01,Alcohol and tobacco,365.35,8.120505460033733,2.0074826893008657
2023-02-01,Alcohol and tobacco,368.19,7.834465791940026,0.7773368003284542
2023-03-01,Alcohol and tobacco,373.78,9.14240663415773,1.5182378663190166
2023-04-01,Alcohol and tobacco,374.8,9.197913935262058,0.2728877949596198
2023-05-01,Alcohol and tobacco,374.91,7.646146778454144,0.029348986125943277
2023-06-01,Alcohol and tobacco,375.91,7.8589464019281685,0.2667306820303583
2023-07-01,Alcohol and tobacco,378.69,7.888888888888879,0.7395387193743108
2023-08-01,Alcohol and tobacco,378.22,7.342131403434093,-0.12411207055902373
2023-09-01,Alcohol and tobacco,376.86,5.841712070999283,-0.35957908095817226
2023-10-01,Alcohol and tobacco,377.14,5.0207457325053495,0.07429814785331335
2023-11-01,Alcohol and tobacco,376.61,4.532585766625963,-0.1405313676618669
2023-12-01,Alcohol and tobacco,371.4,3.6966718784900543,-1.3833939619234847
2024-01-01,Alcohol and tobacco,390.61,6.913918160667842,5.17232094776523
2024-02-01,Alcohol and tobacco,401.33,9.000787636817954,2.7444253859348233
2024-03-01,Alcohol and tobacco,404.33,8.173256996093968,0.7475145142401551
2024-04-01,Alcohol and tobacco,401.17,7.035752401280693,-0.7815398313258948
2024-05-01,Alcohol and tobacco,402.54,7.369768744498684,0.34150110925543764
2024-06-01,Alcohol and tobacco,395.54,5.2219946263733386,-1.7389576191185974
2024-07-01,Alcohol and tobacco,401.94,6.139586469143632,1.6180411589219679
2024-08-01,Alcohol and tobacco,400.98,6.017661678388242,-0.2388416181519526
2024-09-01,Alcohol and tobacco,400.58,6.294114525287897,-0.09975559878299123
2024-10-01,Alcohol and tobacco,398.95,5.7829983560481635,-0.4069099805282361
2024-11-01,Alcohol and tobacco,402.12,6.773585406654092,0.7945857876926921
2024-12-01,Alcohol and tobacco,397.58,7.049003769520734,-1.1290162140654592
2025-01-01,Alcohol and tobacco,409.18,4.754102557538209,2.9176517933497736
2025-02-01,Alcohol and tobacco,410.58,2.30483641890713,0.3421477100542525
2025-03-01,Alcohol and tobacco,413.76,2.3322533574060778,0.7745141020020441
2025-04-01,Alcohol and tobacco,414.84,3.4075329660742115,0.2610208816705262
2025-05-01,Alcohol and tobacco,415.45,3.207134694688718,0.14704464371806392
2025-06-01,Alcohol and tobacco,407.14,2.9326996005460737,-2.0002407028523295
2025-07-01,Alcohol and tobacco,421.74,4.92610837438423,3.5859900771233466
2025-08-01,Alcohol and tobacco,425.91,6.217267694149342,0.9887608479157706
2025-09-01,Alcohol and tobacco,422.36,5.437116181536772,-0.8335094268742238
2025-10-01,Alcohol and tobacco,423.88,6.248903371349801,0.35988256463679313
2025-11-01,Alcohol and tobacco,425.32,5.769422063065743,0.3397187883363184
2025-12-01,Alcohol and tobacco,418.58,5.281955832788365,-1.584689175209253
2020-01-01,Clothing and footwear,186.67,,
2020-02-01,Clothing and footwear,193.97,,3.910644452777645
2020-03-01,Clothing and footwear,196.79,,1.4538330669691124
2020-04-01,Clothing and footwear,196.7,,-0.045734031200772574
2020-05-01,Clothing and footwear,194.69,,-1.021860701575994
2020-06-01,Clothing and footwear,191.02,,-1.8850480250654833
2020-07-01,Clothing and footwear,189.99,,-0.5392105538687075
2020-08-01,Clothing and footwear,194.02,,2.121164271803777
2020-09-01,Clothing and footwear,205.38,,5.855066487990923
2020-10-01,Clothing and footwear,205.21,,-0.08277339565682107
2020-11-01,Clothing and footwear,203.15,,-1.003849714926175
2020-12-01,Clothing and footwear,199.13,,-1.9788333743539277
2021-01-01,Clothing and footwear,188.76,1.1196228638774341,-5.207653291819414
2021-02-01,Clothing and footwear,190.3,-1.892045161622924,0.8158508158508271
2021-03-01,Clothing and footwear,191.38,-2.749123431068645,0.5675249605885391
2021-04-01,Clothing and footwear,189.98,-3.416370106761568,-0.7315288953913757
2021-05-01,Clothing and footwear,198.02,1.710411423288316,4.232024423623559
2021-06-01,Clothing and footwear,199.45,4.413150455449677,0.7221492778507033
2021-07-01,Clothing and footwear,190.14,0.0789515237644034,-4.667836550513915
2021-08-01,Clothing and footwear,191.85,-1.1184413977940455,0.8993373303881391
2021-09-01,Clothing and footwear,201.71,-1.7869315415327658,5.139431847797771
2021-10-01,Clothing and footwear,206.37,0.5652745967545503,2.310247384859454
2021-11-01,Clothing and footwear,210.06,3.4014275166133423,1.7880505887483578
2021-12-01,Clothing and footwear,207.62,4.2635464269572765,-1.1615728839379225
2022-01-01,Clothing and footwear,195.16,3.39054884509431,-6.00134861766689
2022-02-01,Clothing and footwear,195.69,2.832369942196533,0.27157204345151786
2022-03-01,Clothing and footwear,201.66,5.371512174730908,3.0507435229188973
2022-04-01,Clothing and footwear,205.43,8.13243499315719,1.869483288703755
2022-05-01,Clothing and footwear,209.67,5.88324411675587,2.0639633938567714
2022-06-01,Clothing and footwear,206.11,3.3391827525695694,-1.6979062336051731
2022-07-01,Clothing and footwear,199.57,4.959503523719366,-3.173062927562964
2022-08-01,Clothing and footwear,208.56,8.709929632525416,4.504685072906756
2022-09-01,Clothing and footwear,220.86,9.49382777254475,5.897583429229014
2022-10-01,Clothing and footwear,226.44,9.725250763192328,2.526487367563157
2022-11-01,Clothing and footwear,227.16,8.140531276778052,0.31796502384737746
2022-12-01,Clothing and footwear,225.66,8.688950968114817,-0.6603275224511318
2023-01-01,Clothing and footwear,216.9,11.139577782332456,-3.8819462908800784
2023-02-01,Clothing and footwear,219.77,12.305176554754983,1.323190410327335
2023-03-01,Clothing and footwear,229.71,13.909550728949727,4.5229103153296535
2023-04-01,Clothing and footwear,232.33,13.09448473932726,1.1405685429454637
2023-05-01,Clothing and footwear,233.53,11.379787284780862,0.5165066930658879
2023-06-01,Clothing and footwear,229.17,11.188200475474241,-1.8669978161264145
2023-07-01,Clothing and footwear,223.07,11.775316931402525,-2.6617794650259596
2023-08-01,Clothing and footwear,233.76,12.082853855005737,4.7922176895145
2023-09-01,Clothing and footwear,242.21,9.66675722176944,3.6148186173853514
2023-10-01,Clothing and footwear,243.87,7.697403285638593,0.6853556830849206
2023-11-01,Clothing and footwear,241.09,6.132241591829546,-1.1399516135646048
2023-12-01,Clothing and footwear,237.23,5.127182486927229,-1.6010618441246072
2024-01-01,Clothing and footwear,225.69,4.052558782849225,-4.864477511275977
2024-02-01,Clothing and footwear,229.44,4.400054602539005,1.6615711817094203
2024-03-01,Clothing and footwear,237.88,3.556658395368073,3.6785216178521596
2024-04-01,Clothing and footwear,239.72,3.180820384797478,0.773499243315956
2024-05-01,Clothing and footwear,239.15,2.4065430565666013,-0.23777740697480398
2024-06-01,Clothing and footwear,234.95,2.522145132434428,-1.7562199456408134
2024-07-01,Clothing and footwear,217.87,-2.3311068274532554,-7.269631836560963
2024-08-01,Clothing and footwear,224.89,-3.7944900752909017,3.222104924955249
2024-09-01,Clothing and footwear,237.21,-2.064324346641344,5.478233803192678
2024-10-01,Clothing and footwear,241.49,-0.975929798663222,1.8043084187007397
2024-11-01,Clothing and footwear,240.66,-0.17835663030404403,-0.34369953207172843
2024-12-01,Clothing and footwear,239.58,0.9905998398179072,-0.4487658937920691
2025-01-01,Clothing and footwear,226.29,0.2658513890735126,-5.547207613323324
2025-02-01,Clothing and footwear,226.45,-1.303172942817299,0.0707057315833648
2025-03-01,Clothing and footwear,229.76,-3.413485791155202,1.461691322587777
2025-04-01,Clothing and footwear,228.9,-4.513599199065577,-0.37430362116991356
2025-05-01,Clothing and footwear,228.42,-4.4867238135061775,-0.20969855832242423
2025-06-01,Clothing and footwear,225.3,-4.107256863162368,-1.36590491200419
2025-07-01,Clothing and footwear,215.92,-0.8950291458209136,-4.163337771859754
2025-08-01,Clothing and footwear,220.75,-1.84089999555338,2.236939607261945
2025-09-01,Clothing and footwear,226.54,-4.498124025125428,2.6228765571914003
2025-10-01,Clothing and footwear,224.77,-6.923682140047205,-0.7813189723669067
2025-11-01,Clothing and footwear,227.0,-5.676057508518239,0.9921252836232464
2025-12-01,Clothing and footwear,223.83,-6.574004507888809,-1.3964757709251097
2020-01-01,Communication,90.0,,
2020-02-01,Communication,89.92,,-0.0888888888888828
2020-03-01,Communication,89.83,,-0.10008896797153444
2020-04-01,Communication,89.85,,0.022264276967609575
2020-05-01,Communication,89.24,,-0.6789092932665497
2020-06-01,Communication,89.26,,0.022411474675054777
2020-07-01,Communication,89.26,,0.0
2020-08-01,Communication,89.23,,-0.03360967958772054
2020-09-01,Communication,89.09,,-0.15689790429227468
2020-10-01,Communication,88.59,,-0.561230216634867
2020-11-01,Communication,88.33,,-0.29348684953155457
2020-12-01,Communication,88.09,,-0.2717083663534403
2021-01-01,Communication,88.44,-1.7333333333333312,0.3973209217845275
2021-02-01,Communication,88.23,-1.879448398576511,-0.23744911804612912
2021-03-01,Communication,87.39,-2.7162417900478686,-0.9520571234274078
2021-04-01,Communication,87.32,-2.8158041179744075,-0.08010069802038
2021-05-01,Communication,87.31,-2.162707306140732,-0.01145213009619006
2021-06-01,Communication,87.25,-2.251848532377332,-0.06872065055549825
2021-07-01,Communication,87.13,-2.386287250728225,-0.13753581661891667
2021-08-01,Communication,87.06,-2.431917516530313,-0.08033972225409691
2021-09-01,Communication,86.57,-2.8286002918397224,-0.5628302320239031
2021-10-01,Communication,86.72,-2.1108477254769165,0.17327018597668165
2021-11-01,Communication,86.79,-1.743462017434616,0.08071955719557433
2021-12-01,Communication,84.91,-3.6099443750709614,-2.1661481737527466
2022-01-01,Communication,84.33,-4.647218453188606,-0.6830761983276368
2022-02-01,Communication,84.15,-4.6242774566473965,-0.2134471718249653
2022-03-01,Communication,84.95,-2.7920814738528366,0.9506833036244666
2022-04-01,Communication,84.81,-2.8744846541456592,-0.1648028251912903
2022-05-01,Communication,85.12,-2.508303745275453,0.3655229336163135
2022-06-01,Communication,83.12,-4.7335243553008555,-2.3496240601503793
2022-07-01,Communication,84.51,-3.0070010329392716,1.672281039461021
2022-08-01,Communication,84.91,-2.4695612221456553,0.47331676724646776
2022-09-01,Communication,86.05,-0.6006699780524372,1.3425980449888186
2022-10-01,Communication,87.68,1.1070110701107083,1.8942475305055329
2022-11-01,Communication,86.41,-0.43783846065216236,-1.4484489051095006
2022-12-01,Communication,86.68,2.084560122482637,0.31246383520426857
2023-01-01,Communication,88.67,5.146448476224363,2.2958006460544578
2023-02-01,Communication,88.66,5.3594771241829875,-0.01127777151235243
2023-03-01,Communication,87.45,2.9429075927015935,-1.3647642679900707
2023-04-01,Communication,86.78,2.3228392878198223,-0.7661520869068017
2023-05-01,Communication,86.73,1.891447368421062,-0.057616962433737484
2023-06-01,Communication,87.42,5.17324350336863,0.7955724662746411
2023-07-01,Communication,87.42,3.443379481718134,0.0
2023-08-01,Communication,87.54,3.097397244140865,0.1372683596431168
2023-09-01,Communication,89.05,3.4863451481696783,1.7249257482293778
2023-10-01,Communication,88.87,1.3572080291970767,-0.20213363279055763
2023-11-01,Communication,87.92,1.7474829302164263,-1.0689771576460005
2023-12-01,Communication,87.9,1.4074757729580112,-0.022747952684254447
2024-01-01,Communication,89.94,1.4322769820683368,2.320819112627981
2024-02-01,Communication,89.79,1.2745319196932225,-0.16677785190125638
2024-03-01,Communication,96.59,10.451686678101769,7.5732264171956665
2024-04-01,Communication,97.04,11.823000691403562,0.4658867377575371
2024-05-01,Communication,94.87,9.385449094892184,-2.2361912613355295
2024-06-01,Communication,96.66,10.56966369251886,1.8867924528301883
2024-07-01,Communication,96.82,10.752688172043001,0.1655286571487613
2024-08-01,Communication,96.7,10.463787982636497,-0.1239413344350293
2024-09-01,Communication,95.94,7.7372262773722555,-0.7859358841778796
2024-10-01,Communication,97.23,9.406998987284787,1.344590368980625
2024-11-01,Communication,97.09,10.429936305732479,-0.14398848092153083
2024-12-01,Communication,95.0,8.077360637087594,-2.1526418786692814
2025-01-01,Communication,96.27,7.038025350233479,1.3368421052631474
2025-02-01,Communication,96.19,7.1277425103018155,-0.08309961566427271
2025-03-01,Communication,97.79,1.242364634020099,1.663374571161258
2025-04-01,Communication,97.44,0.41220115416322756,-0.35790980672871786
2025-05-01,Communication,96.39,1.6021924739116677,-1.0775862068965525
2025-06-01,Communication,97.35,0.7138423339540623,0.9959539371304116
2025-07-01,Communication,98.67,1.910762239206787,1.3559322033898313
2025-08-01,Communication,99.66,3.061013443640115,1.0033444816053505
2025-09-01,Communication,98.39,2.5536793829476823,-1.274332731286365
2025-10-01,Communication,98.37,1.1724776303609907,-0.020327269031406026
2025-11-01,Communication,99.38,2.358636316819429,1.0267357934329535
2025-12-01,Communication,99.14,4.357894736842116,-0.24149728315555619
2020-01-01,Education,157.08,,
2020-02-01,Education,157.04,,-0.025464731347102365
2020-03-01,Education,139.35,,-11.264645950076414
2020-04-01,Education,119.63,,-14.151417294581991
2020-05-01,Education,120.38,,0.6269330435509479
2020-06-01,Education,158.05,,31.292573517195564
2020-07-01,Education,157.5,,-0.34799114204366877
2020-08-01,Education,157.75,,0.15873015873015817
2020-09-01,Education,158.47,,0.45641838351822006
2020-10-01,Education,158.47,,0.0
2020-11-01,Education,158.47,,0.0
2020-12-01,Education,158.47,,0.0
2021-01-01,Education,158.76,1.0695187165775222,0.18299993689656624
2021-02-01,Education,158.76,1.0952623535404937,0.0
2021-03-01,Education,143.38,2.891998564764986,-9.687578735197777
2021-04-01,Education,136.77,14.327509821951034,-4.610126935416369
2021-05-01,Education,158.84,31.948828709087906,16.136579659281992
2021-06-01,Education,160.05,1.2654223347042137,0.7617728531855938
2021-07-01,Education,160.05,1.619047619047631,0.0
2021-08-01,Education,160.16,1.5277337559429505,0.06872852233676952
2021-09-01,Education,162.23,2.3726888370038335,1.292457542457548
2021-10-01,Education,162.25,2.3853095223070664,0.012328176046350059
2021-11-01,Education,162.85,2.7639300814034096,0.3697996918335944
2021-12-01,Education,162.87,2.7765507667066425,0.012281240405287441
2022-01-01,Education,163.41,2.9289493575207937,0.33155277214955703
2022-02-01,Education,163.71,3.117913832199548,0.18358729575913557
2022-03-01,Education,163.71,14.179104477611947,0.0
2022-04-01,Education,163.9,19.836221393580455,0.11605888461303504
2022-05-01,Education,163.73,3.0785696298161636,-0.1037217815741398
2022-06-01,Education,164.08,2.5179631365198407,0.21376656690894613
2022-07-01,Education,164.08,2.5179631365198407,0.0
2022-08-01,Education,164.34,2.609890109890123,0.15845928815212407
2022-09-01,Education,175.99,8.481785119891526,7.088961908239022
2022-10-01,Education,175.99,8.468412942989211,0.0
2022-11-01,Education,175.61,7.8354313785692575,-0.21592135916813637
2022-12-01,Education,175.9,8.000245594646028,0.16513865952962892
2023-01-01,Education,177.38,8.549048405850312,0.8413871517907845
2023-02-01,Education,178.46,9.009834463380372,0.6088623294621787
2023-03-01,Education,178.46,9.009834463380372,0.0
2023-04-01,Education,176.84,7.895057962172047,-0.9077664462624702
2023-05-01,Education,177.36,8.32468087705369,0.29405111965619124
2023-06-01,Education,178.63,8.867625548512903,0.7160577356788433
2023-07-01,Education,178.99,9.087030716723543,0.20153389688182255
2023-08-01,Education,179.0,8.920530607277598,0.0055869042963285764
2023-09-01,Education,189.21,7.511790442638788,5.703910614525154
2023-10-01,Education,189.21,7.511790442638788,0.0
2023-11-01,Education,189.23,7.755822561357539,0.010570265842169135
2023-12-01,Education,189.23,7.578169414440006,0.0
2024-01-01,Education,190.48,7.385274551809662,0.6605717909422326
2024-02-01,Education,190.88,6.959542754678916,0.2099958000840063
2024-03-01,Education,191.39,7.245321080354139,0.2671835708298431
2024-04-01,Education,191.52,8.301289301063107,0.0679241339673009
2024-05-01,Education,191.52,7.983761840324766,0.0
2024-06-01,Education,192.41,7.7142697195319965,0.46470342522972885
2024-07-01,Education,192.66,7.637298173082296,0.12993087677355408
2024-08-01,Education,192.27,7.413407821229057,-0.2024291497975672
2024-09-01,Education,203.33,7.462607684583267,5.752327456181416
2024-10-01,Education,203.39,7.4943184821098185,0.02950868047015831
2024-11-01,Education,202.42,6.970353538022511,-0.47691626923643815
2024-12-01,Education,202.42,6.970353538022511,0.0
2025-01-01,Education,204.51,7.365602687946238,1.0325066693014584
2025-02-01,Education,204.64,7.208717518860008,0.0635665737616753
2025-03-01,Education,204.63,6.917811797899587,-0.004886630179823381
2025-04-01,Education,196.26,2.4749373433583965,-4.09030933880663
2025-05-01,Education,196.28,2.4853801169590684,0.010190563538170494
2025-06-01,Education,196.57,2.1620497895119772,0.14774811493782902
2025-07-01,Education,197.52,2.5225786359389657,0.48328839599125484
2025-08-01,Education,197.52,2.7305351848962323,0.0
2025-09-01,Education,205.5,1.067230610337866,4.0400972053462825
2025-10-01,Education,205.62,1.09641575298689,0.05839416058395219
2025-11-01,Education,205.66,1.600632348582165,0.019453360568033595
2025-12-01,Education,205.85,1.6944965912459198,0.09238549061558743
2020-01-01,Food and non-alcoholic beverages,211.39,,
2020-02-01,Food and non-alcoholic beverages,215.08,,1.7455887222669109
2020-03-01,Food and non-alcoholic beverages,212.74,,-1.0879672679933061
2020-04-01,Food and non-alcoholic beverages,216.13,,1.5934944063175749
2020-05-01,Food and non-alcoholic beverages,216.13,,0.0
2020-06-01,Food and non-alcoholic beverages,217.33,,0.5552213945310802
2020-07-01,Food and non-alcoholic beverages,218.28,,0.4371232687617965
2020-08-01,Food and non-alcoholic beverages,217.97,,-0.1420194245922657
2020-09-01,Food and non-alcoholic beverages,214.27,,-1.6974813047667014
2020-10-01,Food and non-alcoholic beverages,212.81,,-0.6813833014421067
2020-11-01,Food and non-alcoholic beverages,211.66,,-0.5403881396550902
2020-12-01,Food and non-alcoholic beverages,209.73,,-0.911839742984033
2021-01-01,Food and non-alcoholic beverages,211.72,0.15610956052793945,0.9488389834549249
2021-02-01,Food and non-alcoholic beverages,213.54,-0.7160126464571426,0.8596259210277735
2021-03-01,Food and non-alcoholic beverages,213.8,0.49826078781611827,0.12175704785990504
2021-04-01,Food and non-alcoholic beverages,217.01,0.4071623559894544,1.5014031805425487
2021-05-01,Food and non-alcoholic beverages,217.68,0.7171609679359703,0.3087415326482823
2021-06-01,Food and non-alcoholic beverages,218.03,0.3220908296139413,0.16078647556045933
2021-07-01,Food and non-alcoholic beverages,220.94,1.218618288436879,1.334678713938442
2021-08-01,Food and non-alcoholic beverages,222.66,2.1516722484745676,0.7784918982529199
2021-09-01,Food and non-alcoholic beverages,221.27,3.266906239790912,-0.6242701877301693
2021-10-01,Food and non-alcoholic beverages,218.64,2.739532916686249,-1.1885931215257495
2021-11-01,Food and non-alcoholic beverages,223.01,5.362373618066707,1.9987193560190297
2021-12-01,Food and non-alcoholic beverages,222.58,6.1269250941687,-0.19281646562933075
2022-01-01,Food and non-alcoholic beverages,231.41,9.300018892877393,3.9671129481534617
2022-02-01,Food and non-alcoholic beverages,240.02,12.400487028191453,3.7206689425694606
2022-03-01,Food and non-alcoholic beverages,243.31,13.802619270346117,1.3707191067410918
2022-04-01,Food and non-alcoholic beverages,248.75,14.626054098889462,2.235830833093577
2022-05-01,Food and non-alcoholic beverages,254.72,17.01580301359793,2.400000000000002
2022-06-01,Food and non-alcoholic beverages,259.96,19.231298445168086,2.0571608040200973
2022-07-01,Food and non-alcoholic beverages,264.46,19.697655472073848,1.7310355439298375
2022-08-01,Food and non-alcoholic beverages,270.37,21.427288242162934,2.2347424941390193
2022-09-01,Food and non-alcoholic beverages,275.23,24.386496135942526,1.7975367089543948
2022-10-01,Food and non-alcoholic beverages,279.78,27.963776070252464,1.6531628092867567
2022-11-01,Food and non-alcoholic beverages,285.91,28.20501322810638,2.1910072199585517
2022-12-01,Food and non-alcoholic beverages,288.8,29.751100727828184,1.0108075967961927
2023-01-01,Food and non-alcoholic beverages,294.79,27.388617605116462,2.0740997229916847
2023-02-01,Food and non-alcoholic beverages,300.5,25.19790017498542,1.9369720818209535
2023-03-01,Food and non-alcoholic beverages,303.37,24.684558793308952,0.9550748752079841
2023-04-01,Food and non-alcoholic beverages,306.89,23.372864321608034,1.1602993044796728
2023-05-01,Food and non-alcoholic beverages,306.56,20.351758793969843,-0.10753038548013683
2023-06-01,Food and non-alcoholic beverages,310.6,19.47991998769043,1.3178496868476053
2023-07-01,Food and non-alcoholic beverages,307.86,16.410799364743255,-0.8821635544108197
2023-08-01,Food and non-alcoholic beverages,305.37,12.945223212634538,-0.8088091989865598
2023-09-01,Food and non-alcoholic beverages,301.98,9.719143988664026,-1.1101286963355883
2023-10-01,Food and non-alcoholic beverages,298.53,6.701694188290808,-1.142459765547399
2023-11-01,Food and non-alcoholic beverages,302.16,5.683606729390367,1.2159581951562748
2023-12-01,Food and non-alcoholic beverages,300.55,4.0685595567867106,-0.532830288588837
2024-01-01,Food and non-alcoholic beverages,309.63,5.034092065538176,3.0211279321244344
2024-02-01,Food and non-alcoholic beverages,309.39,2.95840266222962,-0.07751186900494256
2024-03-01,Food and non-alcoholic beverages,306.83,1.1405214754260484,-0.8274346294321111
2024-04-01,Food and non-alcoholic beverages,310.77,1.2642966535240552,1.2840986865691129
2024-05-01,Food and non-alcoholic beverages,313.34,2.2116388308976997,0.8269781510441776
2024-06-01,Food and non-alcoholic beverages,313.32,0.8757244043786194,-0.0063828429182288815
2024-07-01,Food and non-alcoholic beverages,312.79,1.601377249399083,-0.169156134303583
2024-08-01,Food and non-alcoholic beverages,314.2,2.891574155941967,0.450781674605949
2024-09-01,Food and non-alcoholic beverages,315.75,4.559904629445644,0.4933163590070011
2024-10-01,Food and non-alcoholic beverages,315.91,5.821860449536076,0.05067300079177883
2024-11-01,Food and non-alcoholic beverages,318.51,5.411040508339937,0.8230192143331871
2024-12-01,Food and non-alcoholic beverages,316.68,5.366827482947922,-0.5745502495996924
2025-01-01,Food and non-alcoholic beverages,322.56,4.175951942641221,1.8567639257294433
2025-02-01,Food and non-alcoholic beverages,325.23,5.119751769611192,0.8277529761904878
2025-03-01,Food and non-alcoholic beverages,327.45,6.720333735293171,0.682593856655278
2025-04-01,Food and non-alcoholic beverages,333.64,7.359140200148029,1.8903649412123968
2025-05-01,Food and non-alcoholic beverages,335.58,7.097721325078199,0.5814650521520193
2025-06-01,Food and non-alcoholic beverages,339.55,8.3716328354398,1.1830264020501913
2025-07-01,Food and non-alcoholic beverages,341.17,9.07318008887752,0.477102046826694
2025-08-01,Food and non-alcoholic beverages,343.25,9.245703373647363,0.6096667350587559
2025-09-01,Food and non-alcoholic beverages,339.94,7.661124307205069,-0.9643117261471268
2025-10-01,Food and non-alcoholic beverages,335.73,6.273938780032284,-1.238453844796139
2025-11-01,Food and non-alcoholic beverages,339.23,6.505290257762719,1.042504393411381
2025-12-01,Food and non-alcoholic beverages,334.38,5.589238347859027,-1.4297084573888008
2020-01-01,Health,272.26,,
2020-02-01,Health,273.86,,0.5876735473444583
2020-03-01,Health,273.54,,-0.1168480245380854
2020-04-01,Health,272.26,,-0.46793887548439717
2020-05-01,Health,278.01,,2.111951810769108
2020-06-01,Health,278.78,,0.27696845437212847
2020-07-01,Health,278.71,,-0.025109405265799634
2020-08-01,Health,279.52,,0.29062466362885786
2020-09-01,Health,278.62,,-0.3219805380652474
2020-10-01,Health,280.2,,0.5670806115856575
2020-11-01,Health,280.12,,-0.02855103497501066
2020-12-01,Health,280.71,,0.2106240182778718
2021-01-01,Health,281.53,3.4048336149268943,0.2921164190801795
2021-02-01,Health,282.87,3.290002190900454,0.475970589280017
2021-03-01,Health,283.34,3.5826570154273485,0.1661540637041714
2021-04-01,Health,283.14,3.99618012194225,-0.07058657443353988
2021-05-01,Health,283.6,2.0107190388835017,0.1624637988274502
2021-06-01,Health,284.02,1.8796183370399566,0.14809590973199338
2021-07-01,Health,284.79,2.1814789566215964,0.27110766847406875
2021-08-01,Health,285.54,2.1536920435031526,0.2633519435373488
2021-09-01,Health,285.42,2.4406001004952937,-0.04202563563774353
2021-10-01,Health,287.22,2.5053533190578348,0.6306495690561409
2021-11-01,Health,288.01,2.816650007139798,0.2750504839495793
2021-12-01,Health,290.57,3.5125218196715435,0.8888580257629952
2022-01-01,Health,295.59,4.994139168117084,1.7276387789517011
2022-02-01,Health,296.45,4.80079188319722,0.290943536655508
2022-03-01,Health,298.01,5.177525234700364,0.526227019733505
2022-04-01,Health,298.45,5.407219043582678,0.1476460521459
2022-05-01,Health,300.88,6.093088857545825,0.814206734796441
2022-06-01,Health,302.22,6.407999436659417,0.445360276522222
2022-07-01,Health,305.72,7.349274904315473,1.1580967507114126
2022-08-01,Health,306.94,7.494571688730112,0.3990579615334111
2022-09-01,Health,310.27,8.70646766169152,1.0849025868247875
2022-10-01,Health,314.8,9.602395376366534,1.4600186933960924
2022-11-01,Health,313.83,8.96496649421894,-0.30813214739517925
2022-12-01,Health,316.18,8.813710981863231,0.7488130516521752
2023-01-01,Health,319.46,8.075374674380065,1.0373837687393195
2023-02-01,Health,322.55,8.80418283015687,0.9672572466036478
2023-03-01,Health,324.13,8.764806550115779,0.489846535420857
2023-04-01,Health,328.67,10.12564918746859,1.400672569647976
2023-05-01,Health,335.53,11.516219090667379,2.0871999269784114
2023-06-01,Health,336.77,11.432069353451112,0.3695645694870908
2023-07-01,Health,339.02,10.892319769723912,0.6681117676752724
2023-08-01,Health,340.63,10.976086531569695,0.47489823609228043
2023-09-01,Health,341.61,10.100879878815228,0.2877021988668016
2023-10-01,Health,343.11,8.993011435832265,0.4390972161236517
2023-11-01,Health,342.77,9.221553070133503,-0.0990935851476249
2023-12-01,Health,343.98,8.792459991144286,0.3530063891239221
2024-01-01,Health,352.4,10.31115006573593,2.4478167335310053
2024-02-01,Health,352.24,9.204774453573084,-0.045402951191819696
2024-03-01,Health,355.75,9.755345077592326,0.9964796729502678
2024-04-01,Health,360.46,9.67231569659537,1.3239634574841785
2024-05-01,Health,364.59,8.660924507495604,1.1457581978582931
2024-06-01,Health,364.3,8.174718650711178,-0.07954140267147913
2024-07-01,Health,365.39,7.7783021650640105,0.2992039527861534
2024-08-01,Health,363.88,6.825587881278805,-0.41325706779057336
2024-09-01,Health,366.63,7.324141564942477,0.7557436517533267
2024-10-01,Health,366.62,6.852029961236927,-0.0027275454818176392
2024-11-01,Health,366.61,6.955101088193261,-0.0027276198788950268
2024-12-01,Health,366.24,6.4713064713064705,-0.10092468836092605
2025-01-01,Health,365.26,3.6492622020431353,-0.26758409785933024
2025-02-01,Health,365.41,3.73892800363389,0.04106663746372696
2025-03-01,Health,366.53,3.0302178496134813,0.30650502175637584
2025-04-01,Health,400.28,11.046995505742663,9.207977518893395
2025-05-01,Health,400.54,9.86039112427659,0.06495453182773225
2025-06-01,Health,401.22,10.134504529234146,0.16977080940729916
2025-07-01,Health,403.84,10.523002818905812,0.6530083246099272
2025-08-01,Health,403.81,10.973397823458274,-0.007428684627563964
2025-09-01,Health,405.39,10.571966287537848,0.39127312349866994
2025-10-01,Health,405.6,10.632262287927553,0.051801968474807225
2025-11-01,Health,407.28,11.093532636862058,0.41420118343193923
2025-12-01,Health,406.8,11.074705111402361,-0.11785503830288313
2020-01-01,"Hotels, cafes, restaurants",322.63,,
2020-02-01,"Hotels, cafes, restaurants",323.33,,0.2169668040789663
2020-03-01,"Hotels, cafes, restaurants",323.38,,0.015464076949256444
2020-04-01,"Hotels, cafes, restaurants",325.04,,0.5133279732822071
2020-05-01,"Hotels, cafes, restaurants",327.38,,0.719911395520545
2020-06-01,"Hotels, cafes, restaurants",322.23,,-1.5730954853686807
2020-07-01,"Hotels, cafes, restaurants",323.61,,0.4282655246252709
2020-08-01,"Hotels, cafes, restaurants",323.79,,0.055622508575137175
2020-09-01,"Hotels, cafes, restaurants",323.39,,-0.12353686031070232
2020-10-01,"Hotels, cafes, restaurants",317.66,,-1.7718544172670603
2020-11-01,"Hotels, cafes, restaurants",319.27,,0.5068312031731859
2020-12-01,"Hotels, cafes, restaurants",318.15,,-0.35080026310020385
2021-01-01,"Hotels, cafes, restaurants",319.42,-0.9949477729907286,0.3991827754204147
2021-02-01,"Hotels, cafes, restaurants",319.59,-1.1567129558036737,0.053221463903319055
2021-03-01,"Hotels, cafes, restaurants",319.52,-1.1936421547405596,-0.02190306329985514
2021-04-01,"Hotels, cafes, restaurants",323.02,-0.6214619739109195,1.0953930896344444
2021-05-01,"Hotels, cafes, restaurants",327.24,-0.04276376076729482,1.3064206550678081
2021-06-01,"Hotels, cafes, restaurants",331.08,2.7464854296620267,1.1734506784011556
2021-07-01,"Hotels, cafes, restaurants",349.45,7.9849201198973985,5.5485079134952375
2021-08-01,"Hotels, cafes, restaurants",349.26,7.866209580283501,-0.05437115467162856
2021-09-01,"Hotels, cafes, restaurants",338.01,4.52085716936208,-3.2210960316096937
2021-10-01,"Hotels, cafes, restaurants",334.58,5.326449663161847,-1.0147628768379602
2021-11-01,"Hotels, cafes, restaurants",335.83,5.186832461552915,0.3736027258054886
2021-12-01,"Hotels, cafes, restaurants",337.24,6.000314317146005,0.4198552839234315
2022-01-01,"Hotels, cafes, restaurants",340.23,6.514933316636395,0.8866089431858626
2022-02-01,"Hotels, cafes, restaurants",346.14,8.307519008729948,1.737060223966136
2022-03-01,"Hotels, cafes, restaurants",349.35,9.33587881822735,0.9273704281504758
2022-04-01,"Hotels, cafes, restaurants",364.95,12.98062039502199,4.46543580936023
2022-05-01,"Hotels, cafes, restaurants",370.87,13.332722161104993,1.6221400191807067
2022-06-01,"Hotels, cafes, restaurants",395.39,19.42430832427209,6.611481111979933
2022-07-01,"Hotels, cafes, restaurants",426.74,22.11761339247389,7.92888034598751
2022-08-01,"Hotels, cafes, restaurants",416.38,19.21777472370154,-2.427707737732576
2022-09-01,"Hotels, cafes, restaurants",395.56,17.02612348747079,-5.0002401652336825
2022-10-01,"Hotels, cafes, restaurants",390.26,16.641759818279645,-1.339872585701285
2022-11-01,"Hotels, cafes, restaurants",389.87,16.09147485334843,-0.09993337774816258
2022-12-01,"Hotels, cafes, restaurants",395.19,17.183608112916616,1.364557416574752
2023-01-01,"Hotels, cafes, restaurants",396.5,16.538811980131072,0.33148612060021065
2023-02-01,"Hotels, cafes, restaurants",404.1,16.744669786791476,1.9167717528373318
2023-03-01,"Hotels, cafes, restaurants",410.81,17.59267210533848,1.660480079188309
2023-04-01,"Hotels, cafes, restaurants",409.45,12.193451157692836,-0.33105328497359254
2023-05-01,"Hotels, cafes, restaurants",415.23,11.961064523957177,1.411649774087187
2023-06-01,"Hotels, cafes, restaurants",434.64,9.926907610207646,4.674517737157702
2023-07-01,"Hotels, cafes, restaurants",441.37,3.4283170080142478,1.5484078777839194
2023-08-01,"Hotels, cafes, restaurants",437.11,4.97862529420241,-0.9651766091940961
2023-09-01,"Hotels, cafes, restaurants",424.08,7.210031347962387,-2.9809430120564695
2023-10-01,"Hotels, cafes, restaurants",419.24,7.425818684979246,-1.141294095453682
2023-11-01,"Hotels, cafes, restaurants",423.5,8.62595224049041,1.0161244156091875
2023-12-01,"Hotels, cafes, restaurants",421.48,6.652496267618102,-0.47697756788664947
2024-01-01,"Hotels, cafes, restaurants",421.57,6.322824716267328,0.021353326373718673
2024-02-01,"Hotels, cafes, restaurants",423.28,4.74634991338776,0.40562658633203075
2024-03-01,"Hotels, cafes, restaurants",422.35,2.809084491614122,-0.21971271971270578
2024-04-01,"Hotels, cafes, restaurants",433.7,5.922579069483458,2.687344619391485
2024-05-01,"Hotels, cafes, restaurants",440.42,6.066517351829104,1.5494581507954797
2024-06-01,"Hotels, cafes, restaurants",448.69,3.232560279771768,1.8777530539030973
2024-07-01,"Hotels, cafes, restaurants",459.08,4.012506513809266,2.3156299449508477
2024-08-01,"Hotels, cafes, restaurants",450.4,3.040424607078296,-1.890737997734604
2024-09-01,"Hotels, cafes, restaurants",444.1,4.7208073948311835,-1.3987566607459923
2024-10-01,"Hotels, cafes, restaurants",444.78,6.09197595649269,0.15311866696687826
2024-11-01,"Hotels, cafes, restaurants",438.31,3.4970484061393137,-1.454651737937851
2024-12-01,"Hotels, cafes, restaurants",440.4,4.48894372212203,0.47683146631378737
2025-01-01,"Hotels, cafes, restaurants",440.18,4.414450743648746,-0.049954586739320295
2025-02-01,"Hotels, cafes, restaurants",442.14,4.455679455679462,0.4452723885683074
2025-03-01,"Hotels, cafes, restaurants",445.05,5.3746892387829925,0.6581625729407126
2025-04-01,"Hotels, cafes, restaurants",452.69,4.378602720774727,1.7166610493202894
2025-05-01,"Hotels, cafes, restaurants",462.01,4.902138867444705,2.0588040380834505
2025-06-01,"Hotels, cafes, restaurants",487.83,8.723171900421223,5.588623622865296
2025-07-01,"Hotels, cafes, restaurants",483.71,5.365077982051059,-0.8445565053399773
2025-08-01,"Hotels, cafes, restaurants",475.34,5.537300177619886,-1.730375638295678
2025-09-01,"Hotels, cafes, restaurants",463.71,4.415672145913074,-2.4466697521773884
2025-10-01,"Hotels, cafes, restaurants",462.15,3.9053014973694955,-0.3364171572750263
2025-11-01,"Hotels, cafes, restaurants",461.39,5.2656795418767555,-0.16444877204370156
2025-12-01,"Hotels, cafes, restaurants",463.64,5.277020890099915,0.48765686295757504
2020-01-01,Household goods,129.29,,
2020-02-01,Household goods,129.63,,0.26297470802072453
2020-03-01,Household goods,130.03,,0.30857054694128916
2020-04-01,Household goods,131.58,,1.1920326078597387
2020-05-01,Household goods,131.86,,0.21279829761362556
2020-06-01,Household goods,131.79,,-0.053086607007446496
2020-07-01,Household goods,130.95,,-0.6373776462554104
2020-08-01,Household goods,130.32,,-0.4810996563573866
2020-09-01,Household goods,130.8,,0.36832412523022384
2020-10-01,Household goods,130.25,,-0.42048929663609513
2020-11-01,Household goods,131.91,,1.274472168905949
2020-12-01,Household goods,131.01,,-0.6822833750284363
2021-01-01,Household goods,131.38,1.6165209993038943,0.28242118922219284
2021-02-01,Household goods,130.23,0.46285582041194484,-0.8753234891155426
2021-03-01,Household goods,130.14,0.08459586249325302,-0.06910850034554938
2021-04-01,Household goods,130.83,-0.5699954400364748,0.530198248040592
2021-05-01,Household goods,134.23,1.7973608372516159,2.598792325919108
2021-06-01,Household goods,134.55,2.0942408376963595,0.23839678164345735
2021-07-01,Household goods,135.56,3.5204276441390014,0.7506503158676958
2021-08-01,Household goods,137.37,5.409760589318613,1.3352021245205181
2021-09-01,Household goods,138.62,5.978593272171251,0.9099512266142584
2021-10-01,Household goods,138.34,6.211132437619971,-0.2019910546818604
2021-11-01,Household goods,139.44,5.708437571071179,0.7951424027757614
2021-12-01,Household goods,141.08,7.686436149912246,1.1761331038439682
2022-01-01,Household goods,140.58,7.002587912924363,-0.35440884604479583
2022-02-01,Household goods,143.46,10.158949550794771,2.0486555697823317
2022-03-01,Household goods,145.29,11.641309359151686,1.2756168966959303
2022-04-01,Household goods,147.38,12.650003821753408,1.438502305733369
2022-05-01,Household goods,149.28,11.212098636668411,1.2891844212240544
2022-06-01,Household goods,152.94,13.667781493868446,2.4517684887459756
2022-07-01,Household goods,154.92,14.281498967246975,1.2946253432718713
2022-08-01,Household goods,158.47,15.359976705248602,2.2915052930544855
2022-09-01,Household goods,160.12,15.510027413071704,1.0412065375149826
2022-10-01,Household goods,161.09,16.444990602862507,0.6057956532600439
2022-11-01,Household goods,164.28,17.81411359724614,1.9802594822769803
2022-12-01,Household goods,163.46,15.863339948965116,-0.49914779644508744
2023-01-01,Household goods,166.33,18.31697254232465,1.7557812308821807
2023-02-01,Household goods,167.07,16.457549142618145,0.444898695364615
2023-03-01,Household goods,168.66,16.08507123683667,0.9516968935176839
2023-04-01,Household goods,169.46,14.98168001085629,0.4743270484999451
2023-05-01,Household goods,169.62,13.62540192926045,0.09441756166645998
2023-06-01,Household goods,170.21,11.292009938538005,0.3478363400542417
2023-07-01,Household goods,169.94,9.69532662019108,-0.15862757769814495
2023-08-01,Household goods,170.66,7.692307692307687,0.42367894551018637
2023-09-01,Household goods,171.4,7.044716462653011,0.43361068791749613
2023-10-01,Household goods,169.57,5.264138059469858,-1.0676779463243968
2023-11-01,Household goods,172.09,4.754078402727058,1.486111930176337
2023-12-01,Household goods,171.87,5.144989599902106,-0.12784008367714428
2024-01-01,Household goods,172.43,3.6674081644922696,0.32582766044102485
2024-02-01,Household goods,172.22,3.082540252588739,-0.12178855187612303
2024-03-01,Household goods,171.81,1.8676627534685242,-0.23806758796887095
2024-04-01,Household goods,173.73,2.519768676973899,1.117513532390424
2024-05-01,Household goods,173.99,2.5763471288763107,0.14965751453406284
2024-06-01,Household goods,173.92,2.1796604194818103,-0.04023219725273197
2024-07-01,Household goods,174.89,2.9127927503824758,0.5577276908923734
2024-08-01,Household goods,176.04,3.152466893238004,0.6575561781691386
2024-09-01,Household goods,175.85,2.5962660443407115,-0.10793001590547746
2024-10-01,Household goods,175.98,3.780149790646936,0.07392664202445776
2024-11-01,Household goods,175.81,2.1616595967226537,-0.09660188657801827
2024-12-01,Household goods,175.48,2.10042473962877,-0.1877026335248333
2025-01-01,Household goods,175.61,1.84422664269559,0.07408251652611941
2025-02-01,Household goods,175.63,1.9800255487167462,0.011388873070994343
2025-03-01,Household goods,176.68,2.834526511844482,0.5978477481068278
2025-04-01,Household goods,176.92,1.8361825821677336,0.1358388046185155
2025-05-01,Household goods,176.72,1.569055692855903,-0.11304544426858909
2025-06-01,Household goods,179.26,3.0703771849126094,1.437301946582159
2025-07-01,Household goods,179.71,2.75601806850021,0.2510320205288519
2025-08-01,Household goods,181.17,2.914110429447847,0.812420010016135
2025-09-01,Household goods,180.32,2.541939152686945,-0.4691726003201335
2025-10-01,Household goods,179.4,1.943402659393123,-0.5102040816326481
2025-11-01,Household goods,179.09,1.865650418064968,-0.17279821627648184
2025-12-01,Household goods,180.15,2.6612719398222184,0.5918811770618149
2020-01-01,Housing,335.18,,
2020-02-01,Housing,333.81,,-0.4087356047496882
2020-03-01,Housing,330.47,,-1.0005691860639265
2020-04-01,Housing,325.45,,-1.5190486277120607
2020-05-01,Housing,321.26,,-1.287448148717163
2020-06-01,Housing,331.07,,3.0536014443130144
2020-07-01,Housing,324.99,,-1.8364696287794025
2020-08-01,Housing,333.29,,2.5539247361457296
2020-09-01,Housing,333.01,,-0.08401092141979705
2020-10-01,Housing,333.28,,0.08107864628690287
2020-11-01,Housing,334.84,,0.4680748919827282
2020-12-01,Housing,338.57,,1.1139648787480638
2021-01-01,Housing,343.79,2.5687690196312563,1.541778657293924
2021-02-01,Housing,346.17,3.702705131661732,0.6922830797870816
2021-03-01,Housing,336.76,1.9033497745634786,-2.718317589623598
2021-04-01,Housing,337.32,3.6472576432631687,0.16629053331749244
2021-05-01,Housing,341.91,6.427815476561061,1.360725720384215
2021-06-01,Housing,358.15,8.179539070287255,4.749787955894802
2021-07-01,Housing,370.51,14.006584817994394,3.451067988273082
2021-08-01,Housing,373.85,12.169582045665939,0.9014601495236363
2021-09-01,Housing,400.24,20.188582925437682,7.058980874682352
2021-10-01,Housing,385.53,15.677508401344209,-3.6752948231061455
2021-11-01,Housing,405.27,21.033926651535072,5.120224107073379
2021-12-01,Housing,484.44,43.0841480343799,19.535124731660368
2022-01-01,Housing,452.08,31.498880130312102,-6.679877797044009
2022-02-01,Housing,439.13,26.85385793107431,-2.864537250044241
2022-03-01,Housing,456.1,35.437700439482136,3.86445927174186
2022-04-01,Housing,538.55,59.65551998102691,18.07717605788204
2022-05-01,Housing,557.34,63.00780907256296,3.488998236004104
2022-06-01,Housing,587.38,64.00390897668575,5.389887680769356
2022-07-01,Housing,623.25,68.21408329059946,6.1067792570397295
2022-08-01,Housing,683.04,82.70429316570815,9.593261131167253
2022-09-01,Housing,659.76,64.84109534279432,-3.408292340126484
2022-10-01,Housing,585.75,51.93370165745856,-11.217715532921058
2022-11-01,Housing,592.23,46.13220815752464,1.1062740076824618
2022-12-01,Housing,589.07,21.598133927834205,-0.5335764821099875
2023-01-01,Housing,594.75,31.558573703769245,0.9642317551394441
2023-02-01,Housing,581.33,32.38221027941612,-2.256410256410246
2023-03-01,Housing,581.58,27.511510633632973,0.04300483374330977
2023-04-01,Housing,627.92,16.594559465230716,7.967949379277117
2023-05-01,Housing,626.18,12.351526895611276,-0.277105363740604
2023-06-01,Housing,628.28,6.96312438285267,0.33536682742980606
2023-07-01,Housing,614.56,-1.3943040513437754,-2.183739733876622
2023-08-01,Housing,618.29,-9.479679081752169,0.6069382973184156
2023-09-01,Housing,613.99,-6.937371165272221,-0.6954665286516004
2023-10-01,Housing,618.2,5.539906103286385,0.6856789198521174
2023-11-01,Housing,614.46,3.7536092396535103,-0.6049822064056909
2023-12-01,Housing,620.02,5.2540445108391065,0.9048595514760782
2024-01-01,Housing,632.81,6.3993274485077745,2.062836682687652
2024-02-01,Housing,606.13,4.266079507336618,-4.216115421690548
2024-03-01,Housing,603.55,3.77764022146565,-0.42565126293040434
2024-04-01,Housing,594.57,-5.311186138361556,-1.4878634744428632
2024-05-01,Housing,599.09,-4.326232073844571,0.7602132633667935
2024-06-01,Housing,607.15,-3.3631501878143455,1.3453738169556972
2024-07-01,Housing,620.65,0.9909528768550002,2.223503252902903
2024-08-01,Housing,624.14,0.946157951770199,0.5623137033754944
2024-09-01,Housing,614.74,0.12215182657697721,-1.5060723555612499
2024-10-01,Housing,620.43,0.36072468456809226,0.9255945603019011
2024-11-01,Housing,616.99,0.4117436448263456,-0.5544541688828675
2024-12-01,Housing,618.59,-0.23063772136382443,0.25932348984587517
2025-01-01,Housing,625.74,-1.1172389816848538,1.1558544431691464
2025-02-01,Housing,654.86,8.039529473875252,4.653690031003288
2025-03-01,Housing,626.8,3.852207770690086,-4.284885318999487
2025-04-01,Housing,612.87,3.0778545839850624,-2.222399489470317
2025-05-01,Housing,611.43,2.0597906825351675,-0.23496010573205162
2025-06-01,Housing,603.25,-0.6423453841719495,-1.337847341478171
2025-07-01,Housing,609.46,-1.8029485217111008,1.0294239535847627
2025-08-01,Housing,633.67,1.5269010157977325,3.9723689823778274
2025-09-01,Housing,630.17,2.5100042294303293,-0.5523379677119022
2025-10-01,Housing,635.82,2.4805376916009925,0.8965834616056156
2025-11-01,Housing,637.52,3.3274445290847554,0.26737126859801563
2025-12-01,Housing,623.11,0.7306939976397864,-2.260321244823682
2020-01-01,Miscellaneous goods and services,243.99,,
2020-02-01,Miscellaneous goods and services,243.4,,-0.24181318906513205
2020-03-01,Miscellaneous goods and services,243.42,,0.008216926869342167
2020-04-01,Miscellaneous goods and services,245.19,,0.7271382795168924
2020-05-01,Miscellaneous goods and services,241.8,,-1.382601248011739
2020-06-01,Miscellaneous goods and services,244.48,,1.108354011579804
2020-07-01,Miscellaneous goods and services,244.46,,-0.008180628272247414
2020-08-01,Miscellaneous goods and services,244.8,,0.13908205841446364
2020-09-01,Miscellaneous goods and services,245.47,,0.27369281045750427
2020-10-01,Miscellaneous goods and services,242.5,,-1.2099238196113582
2020-11-01,Miscellaneous goods and services,243.09,,0.24329896907215876
2020-12-01,Miscellaneous goods and services,244.33,,0.5100991402361199
2021-01-01,Miscellaneous goods and services,246.39,0.9836468707733914,0.8431220071215106
2021-02-01,Miscellaneous goods and services,247.06,1.5036976170912153,0.27192662039856597
2021-03-01,Miscellaneous goods and services,247.42,1.6432503491907058,0.1457135918400354
2021-04-01,Miscellaneous goods and services,248.24,1.2439332762347544,0.33142025705279465
2021-05-01,Miscellaneous goods and services,247.35,2.29528535980148,-0.3585240090235309
2021-06-01,Miscellaneous goods and services,249.86,2.200589005235609,1.0147564180311486
2021-07-01,Miscellaneous goods and services,249.17,1.9266955739180247,-0.2761546466021114
2021-08-01,Miscellaneous goods and services,252.37,3.0923202614379086,1.2842637556688352
2021-09-01,Miscellaneous goods and services,253.95,3.454597303132756,0.626064904703405
2021-10-01,Miscellaneous goods and services,252.84,4.263917525773198,-0.43709391612521964
2021-11-01,Miscellaneous goods and services,253.83,4.418116746883882,0.3915519696250591
2021-12-01,Miscellaneous goods and services,255.47,4.559407358899836,0.6461017216247145
2022-01-01,Miscellaneous goods and services,258.16,4.776979585210461,1.052961208752512
2022-02-01,Miscellaneous goods and services,261.31,5.767829677001535,1.2201735357917576
2022-03-01,Miscellaneous goods and services,264.08,6.733489612804133,1.060043626344176
2022-04-01,Miscellaneous goods and services,267.29,7.674025136964224,1.2155407452287381
2022-05-01,Miscellaneous goods and services,268.67,8.619365271881962,0.5162931647274549
2022-06-01,Miscellaneous goods and services,271.31,8.584807492195633,0.9826180816615127
2022-07-01,Miscellaneous goods and services,275.34,10.502869526829063,1.4853857211307941
2022-08-01,Miscellaneous goods and services,283.9,12.493561041328194,3.1088835621413624
2022-09-01,Miscellaneous goods and services,287.49,13.207324276432386,1.2645297640014208
2022-10-01,Miscellaneous goods and services,288.6,14.143331751305176,0.38610038610038533
2022-11-01,Miscellaneous goods and services,292.8,15.352795177874956,1.455301455301461
2022-12-01,Miscellaneous goods and services,295.2,15.551728187262693,0.8196721311475308
2023-01-01,Miscellaneous goods and services,300.03,16.218624109079617,1.6361788617886175
2023-02-01,Miscellaneous goods and services,303.15,16.01163369178369,1.0398960103989552
2023-03-01,Miscellaneous goods and services,304.56,15.328688276279934,0.46511627906977715
2023-04-01,Miscellaneous goods and services,309.95,15.96019304874854,1.7697662201208164
2023-05-01,Miscellaneous goods and services,312.89,16.45885286783042,0.9485400871108274
2023-06-01,Miscellaneous goods and services,312.98,15.358814640079622,0.028764102400224978
2023-07-01,Miscellaneous goods and services,302.85,9.9912835040314,-3.2366285385647675
2023-08-01,Miscellaneous goods and services,306.9,8.101444170482575,1.3372956909361022
2023-09-01,Miscellaneous goods and services,306.56,6.6332742008417656,-0.11078527207558642
2023-10-01,Miscellaneous goods and services,306.3,6.133056133056125,-0.0848121085594955
2023-11-01,Miscellaneous goods and services,310.31,5.980191256830603,1.3091740124061335
2023-12-01,Miscellaneous goods and services,310.3,5.115176151761536,-0.0032225838677457652
2024-01-01,Miscellaneous goods and services,316.03,5.332800053327991,1.8466000644537406
2024-02-01,Miscellaneous goods and services,320.44,5.7034471383803576,1.3954371420434875
2024-03-01,Miscellaneous goods and services,319.54,4.918571053322829,-0.2808638122581364
2024-04-01,Miscellaneous goods and services,326.42,5.313760283916769,2.15309507416912
2024-05-01,Miscellaneous goods and services,326.99,4.506376042698723,0.17462165308497202
2024-06-01,Miscellaneous goods and services,327.03,4.489104735126825,0.012232789993560367
2024-07-01,Miscellaneous goods and services,329.71,8.86907710087501,0.8194966822615779
2024-08-01,Miscellaneous goods and services,331.48,8.009123492994474,0.5368354008067788
2024-09-01,Miscellaneous goods and services,331.95,8.282228601252605,0.1417883431881206
2024-10-01,Miscellaneous goods and services,333.04,8.730003264773112,0.3283627052266924
2024-11-01,Miscellaneous goods and services,332.32,7.092907092907086,-0.21619024741773574
2024-12-01,Miscellaneous goods and services,330.55,6.525942636158555,-0.532619162253245
2025-01-01,Miscellaneous goods and services,337.01,6.638610258519773,1.9543185599757873
2025-02-01,Miscellaneous goods and services,341.3,6.509799026338792,1.2729592593691663
2025-03-01,Miscellaneous goods and services,339.45,6.230831820742311,-0.5420451215939148
2025-04-01,Miscellaneous goods and services,345.28,5.777832240671521,1.7174841655619444
2025-05-01,Miscellaneous goods and services,346.25,5.890088381907699,0.28093141797962407
2025-06-01,Miscellaneous goods and services,344.11,5.2227624376968595,-0.6180505415162463
2025-07-01,Miscellaneous goods and services,345.23,4.707166904249194,0.325477318299372
2025-08-01,Miscellaneous goods and services,345.48,4.223482563050562,0.07241549112186885
2025-09-01,Miscellaneous goods and services,348.61,5.018828136767595,0.9059858747250127
2025-10-01,Miscellaneous goods and services,347.45,4.326807590679782,-0.33275006454204226
2025-11-01,Miscellaneous goods and services,347.74,4.640105922002902,0.08346524679809786
2025-12-01,Miscellaneous goods and services,346.99,4.973528966873397,-0.21567838039915355
2020-01-01,"Recreation, entertainment",155.43,,
2020-02-01,"Recreation, entertainment",155.24,,-0.12224152351540951
2020-03-01,"Recreation, entertainment",155.09,,-0.09662458129348073
2020-04-01,"Recreation, entertainment",154.0,,-0.7028177187439533
2020-05-01,"Recreation, entertainment",155.2,,0.7792207792207684
2020-06-01,"Recreation, entertainment",155.76,,0.36082474226803996
2020-07-01,"Recreation, entertainment",156.39,,0.4044684129429932
2020-08-01,"Recreation, entertainment",156.92,,0.3388963488714092
2020-09-01,"Recreation, entertainment",157.17,,0.15931684934997747
2020-10-01,"Recreation, entertainment",156.37,,-0.5090029903925597
2020-11-01,"Recreation, entertainment",158.04,,1.0679797915201128
2020-12-01,"Recreation, entertainment",157.06,,-0.6200961781827274
2021-01-01,"Recreation, entertainment",157.47,1.3124879366917641,0.26104673373232856
2021-02-01,"Recreation, entertainment",159.81,2.9438289100747195,1.4859973328253062
2021-03-01,"Recreation, entertainment",157.7,1.6828938035978958,-1.3203178774795155
2021-04-01,"Recreation, entertainment",158.5,2.922077922077926,0.5072923272035679
2021-05-01,"Recreation, entertainment",160.28,3.2731958762886704,1.1230283911672023
2021-06-01,"Recreation, entertainment",163.72,5.110426296866977,2.146244072872472
2021-07-01,"Recreation, entertainment",163.03,4.245795766992777,-0.42145125824578633
2021-08-01,"Recreation, entertainment",164.58,4.8814682640836216,0.950745261608299
2021-09-01,"Recreation, entertainment",165.15,5.077304829165885,0.34633612832664085
2021-10-01,"Recreation, entertainment",165.48,5.825925689070788,0.19981834695730338
2021-11-01,"Recreation, entertainment",166.97,5.650468235889661,0.9004109257916504
2021-12-01,"Recreation, entertainment",167.08,6.379727492677967,0.06588009822123819
2022-01-01,"Recreation, entertainment",166.4,5.670921445354682,-0.4069906631553821
2022-02-01,"Recreation, entertainment",169.21,5.881984857017719,1.6887019230769296
2022-03-01,"Recreation, entertainment",170.34,8.015218769816123,0.6678092311328987
2022-04-01,"Recreation, entertainment",173.91,9.722397476340694,2.095808383233533
2022-05-01,"Recreation, entertainment",173.98,8.547541801846759,0.040250704387312375
2022-06-01,"Recreation, entertainment",180.02,9.956022477400438,3.471663409587311
2022-07-01,"Recreation, entertainment",182.39,11.875115009507443,1.3165203866236874
2022-08-01,"Recreation, entertainment",184.2,11.921254101348877,0.9923789681451911
2022-09-01,"Recreation, entertainment",185.84,12.528004844081142,0.8903365906623328
2022-10-01,"Recreation, entertainment",188.37,13.83248730964468,1.3613861386138515
2022-11-01,"Recreation, entertainment",188.35,12.80469545427323,-0.010617401921753089
2022-12-01,"Recreation, entertainment",191.09,14.370361503471374,1.4547385187151596
2023-01-01,"Recreation, entertainment",190.14,14.266826923076902,-0.4971479407609114
2023-02-01,"Recreation, entertainment",193.56,14.390402458483532,1.7986746607762782
2023-03-01,"Recreation, entertainment",195.31,14.65891745919925,0.9041124199214767
2023-04-01,"Recreation, entertainment",198.02,13.863492611120698,1.3875377604833483
2023-05-01,"Recreation, entertainment",196.57,12.984251063340624,-0.7322492677507397
2023-06-01,"Recreation, entertainment",200.86,11.57649150094433,2.1824286513710156
2023-07-01,"Recreation, entertainment",202.58,11.069685838039378,0.8563178333167443
2023-08-01,"Recreation, entertainment",202.98,10.19543973941368,0.19745285813010938
2023-09-01,"Recreation, entertainment",203.76,9.642703400774844,0.38427431274017376
2023-10-01,"Recreation, entertainment",199.83,6.083771301162599,-1.928739693757353
2023-11-01,"Recreation, entertainment",202.0,7.247146270241567,1.0859230345793947
2023-12-01,"Recreation, entertainment",204.23,6.876340991155994,1.1039603960395938
2024-01-01,"Recreation, entertainment",199.68,5.017355632691722,-2.2278803309993545
2024-02-01,"Recreation, entertainment",204.67,5.739822277330009,2.498998397435881
2024-03-01,"Recreation, entertainment",203.96,4.4288566893656345,-0.34689988762397483
2024-04-01,"Recreation, entertainment",206.26,4.161195838804144,1.1276720925671668
2024-05-01,"Recreation, entertainment",206.52,5.061810042224146,0.12605449432756544
2024-06-01,"Recreation, entertainment",212.04,5.566065916558793,2.672864613596748
2024-07-01,"Recreation, entertainment",211.57,4.437752986474464,-0.22165629126580377
2024-08-01,"Recreation, entertainment",214.62,5.734555128584096,1.441603251878809
2024-09-01,"Recreation, entertainment",213.95,5.000981546917949,-0.3121796663871135
2024-10-01,"Recreation, entertainment",212.46,6.320372316469003,-0.6964243982238716
2024-11-01,"Recreation, entertainment",209.74,3.831683168316835,-1.2802409865386388
2024-12-01,"Recreation, entertainment",213.1,4.343142535376776,1.601983408028973
2025-01-01,"Recreation, entertainment",205.14,2.734375,-3.7353355232285335
2025-02-01,"Recreation, entertainment",211.87,3.5178580153417682,3.2806863605342684
2025-03-01,"Recreation, entertainment",212.18,4.030202000392236,0.14631613725397674
2025-04-01,"Recreation, entertainment",215.75,4.6009890429554945,1.6825336978037564
2025-05-01,"Recreation, entertainment",216.65,4.905093937633165,0.4171494785631502
2025-06-01,"Recreation, entertainment",227.78,7.4231277117525085,5.1373182552504115
2025-07-01,"Recreation, entertainment",230.55,8.971026137921267,1.2160856967249112
2025-08-01,"Recreation, entertainment",232.24,8.209859286180233,0.7330297115593076
2025-09-01,"Recreation, entertainment",227.56,6.361299369011464,-2.015156734412682
2025-10-01,"Recreation, entertainment",224.31,5.5775204744422435,-1.4281947618210555
2025-11-01,"Recreation, entertainment",209.52,-0.10489177076380418,-6.593553564263743
2025-12-01,"Recreation, entertainment",216.67,1.675269826372583,3.4125620465826456
2020-01-01,Total,213.4,,
2020-02-01,Total,214.45,,0.49203373945641005
2020-03-01,Total,212.94,,-0.7041268360923225
2020-04-01,Total,212.09,,-0.3991734760965482
2020-05-01,Total,210.67,,-0.6695270875571757
2020-06-01,Total,212.57,,0.9018844638534196
2020-07-01,Total,212.57,,0.0
2020-08-01,Total,213.94,,0.6444935785858696
2020-09-01,Total,213.32,,-0.2898008787510564
2020-10-01,Total,212.24,,-0.5062816426026573
2020-11-01,Total,212.49,,0.11779117979646703
2020-12-01,Total,212.5,,0.004706103816642937
2021-01-01,Total,213.88,0.22492970946579316,0.6494117647058761
2021-02-01,Total,215.71,0.5875495453485646,0.85561997381709
2021-03-01,Total,215.25,1.0848126232741562,-0.21324926985304415
2021-04-01,Total,216.13,1.9048517138950505,0.40882694541231057
2021-05-01,Total,218.16,3.5553234917168997,0.9392495257483979
2021-06-01,Total,220.71,3.8293268099920175,1.1688668866886687
2021-07-01,Total,223.12,4.963070988380314,1.0919305876489593
2021-08-01,Total,224.73,5.043470131812655,0.7215847974184175
2021-09-01,Total,227.48,6.637914869679351,1.2236906510034284
2021-10-01,Total,227.13,7.015642668676958,-0.15385967997186834
2021-11-01,Total,231.26,8.833356863852405,1.8183419187249639
2021-12-01,Total,238.35,12.164705882352944,3.0658133702326396
2022-01-01,Total,238.13,11.338133532822138,-0.09230123767568488
2022-02-01,Total,241.59,11.99758935607993,1.4529878637718818
2022-03-01,Total,248.03,15.228803716608596,2.6656732480649037
2022-04-01,Total,256.86,18.845139499375385,3.5600532193686307
2022-05-01,Total,261.8,20.00366703337002,1.9232266604375825
2022-06-01,Total,268.94,21.852204249920714,2.7272727272727115
2022-07-01,Total,274.1,22.848691287199728,1.9186435636201482
2022-08-01,Total,280.42,24.780848128865763,2.305727836556004
2022-09-01,Total,281.34,23.67680675224195,0.32807930960701004
2022-10-01,Total,278.21,22.489323295029262,-1.1125328783678112
2022-11-01,Total,280.61,21.33961774625963,0.8626577046116468
2022-12-01,Total,280.28,17.591776798825244,-0.11760094080753847
2023-01-01,Total,282.4,18.590685759879054,0.7563864706721768
2023-02-01,Total,284.0,17.554534541992627,0.56657223796035
2023-03-01,Total,285.88,15.260250776115791,0.661971830985908
2023-04-01,Total,291.51,13.489838822704957,1.9693577724919642
2023-05-01,Total,291.44,11.321619556913664,-0.02401289835682885
2023-06-01,Total,293.57,9.158176544954255,0.7308536920120678
2023-07-01,Total,291.72,6.428310835461515,-0.630173382838839
2023-08-01,Total,293.31,4.596676413950496,0.5450431921020016
2023-09-01,Total,293.17,4.204876661690493,-0.04773106951688755
2023-10-01,Total,291.86,4.9063656949786205,-0.4468397175700134
2023-11-01,Total,291.86,4.009122982074764,0.0
2023-12-01,Total,291.59,4.035250463821893,-0.09251010758584144
2024-01-01,Total,295.79,4.741501416430616,1.4403786138070807
2024-02-01,Total,295.81,4.158450704225358,0.006761553805056941
2024-03-01,Total,296.96,3.875752063802995,0.3887630573679024
2024-04-01,Total,299.62,2.782065795341504,0.8957435344827624
2024-05-01,Total,299.88,2.8959648641229796,0.08677658367264307
2024-06-01,Total,300.97,2.5206935313554,0.36347872482327404
2024-07-01,Total,301.74,3.434800493624013,0.25583945243712325
2024-08-01,Total,302.8,3.235484640823705,0.3512958175913017
2024-09-01,Total,302.0,3.011904355834494,-0.26420079260238705
2024-10-01,Total,303.82,4.09785513602412,0.6026490066225243
2024-11-01,Total,302.56,3.6661413006235932,-0.4147192416562362
2024-12-01,Total,303.01,3.9164580403991955,0.1487308302485335
2025-01-01,Total,307.2,3.857466445789237,1.3827926471073448
2025-02-01,Total,311.5,5.304080321828208,1.3997395833333481
2025-03-01,Total,310.02,4.3978987068965525,-0.47512038523275235
2025-04-01,Total,313.17,4.52239503370937,1.0160634797755197
2025-05-01,Total,313.37,4.498466053087902,0.06386307756169884
2025-06-01,Total,316.09,5.023756520583422,0.8679835338417652
2025-07-01,Total,318.12,5.428514615231661,0.6422221519187588
2025-08-01,Total,321.41,6.145970937912826,1.034200930466489
2025-09-01,Total,317.8,5.231788079470201,-1.1231760057247797
2025-10-01,Total,317.76,4.588243038641293,-0.012586532410330253
2025-11-01,Total,317.26,4.85854045478582,-0.15735146022155533
2025-12-01,Total,315.36,4.075773076796163,-0.5988778919498117
2020-01-01,Transport,193.13,,
2020-02-01,Transport,191.68,,-0.7507896235696143
2020-03-01,Transport,187.8,,-2.024207011686141
2020-04-01,Transport,182.06,,-3.0564430244941487
2020-05-01,Transport,175.04,,-3.8558716906514356
2020-06-01,Transport,177.53,,1.4225319926873814
2020-07-01,Transport,178.96,,0.8054976623669274
2020-08-01,Transport,181.77,,1.5701832811801486
2020-09-01,Transport,178.22,,-1.9530175496506597
2020-10-01,Transport,177.22,,-0.5611042531702415
2020-11-01,Transport,177.48,,0.14671030357746861
2020-12-01,Transport,180.76,,1.8480955600631122
2021-01-01,Transport,184.44,-4.499559881944803,2.0358486390794406
2021-02-01,Transport,189.54,-1.116444073455769,2.7651268705269905
2021-03-01,Transport,194.12,3.365282215122467,2.416376490450567
2021-04-01,Transport,193.97,6.541799406788962,-0.07727179064496159
2021-05-01,Transport,194.43,11.077468007312618,0.23715007475382244
2021-06-01,Transport,196.39,10.623556581986126,1.0080748855629151
2021-07-01,Transport,199.82,11.65623603039785,1.7465247721370813
2021-08-01,Transport,200.78,10.458271441932098,0.48043238915023156
2021-09-01,Transport,201.44,13.028840758612947,0.328717999800765
2021-10-01,Transport,209.45,18.186434939623062,3.9763701350277847
2021-11-01,Transport,213.58,20.34032003606041,1.9718309859155125
2021-12-01,Transport,212.95,17.808143394556318,-0.29497143927335046
2022-01-01,Transport,215.99,17.105833875515074,1.4275651561399538
2022-02-01,Transport,223.45,17.890682705497518,3.4538636047965143
2022-03-01,Transport,243.19,25.278178446321853,8.834191094204535
2022-04-01,Transport,240.94,24.21508480692891,-0.9252025165508493
2022-05-01,Transport,246.99,27.032865298565035,2.5109985888603026
2022-06-01,Transport,259.53,32.15031315240082,5.077128628689409
2022-07-01,Transport,257.08,28.65579021119007,-0.9440141794782808
2022-08-01,Transport,249.55,24.290267954975597,-2.929049323167876
2022-09-01,Transport,250.73,24.468824463860205,0.47285113203765494
2022-10-01,Transport,252.43,20.520410599188367,0.6780201810712816
2022-11-01,Transport,252.21,18.086899522427192,-0.08715287406410033
2022-12-01,Transport,244.34,14.740549424747606,-3.120415526743592
2023-01-01,Transport,242.1,12.088522616787811,-0.916755340918396
2023-02-01,Transport,243.24,8.856567464757227,0.4708798017348359
2023-03-01,Transport,242.58,-0.25083268226488986,-0.2713369511593511
2023-04-01,Transport,242.18,0.5146509504440955,-0.16489405556929793
2023-05-01,Transport,239.63,-2.9798777278432387,-1.052935832851598
2023-06-01,Transport,239.69,-7.644588294224164,0.025038601176818887
2023-07-01,Transport,241.26,-6.153726466469578,0.6550127247694881
2023-08-01,Transport,246.28,-1.3103586455620153,2.0807427671391876
2023-09-01,Transport,247.93,-1.116739121764443,0.6699691408153408
2023-10-01,Transport,246.35,-2.408588519589594,-0.6372766506675287
2023-11-01,Transport,240.48,-4.650886166290002,-2.3827887152425453
2023-12-01,Transport,239.31,-2.0586068592944318,-0.48652694610777925
2024-01-01,Transport,242.55,0.18587360594797264,1.3538924407672015
2024-02-01,Transport,246.42,1.3073507646768512,1.595547309833023
2024-03-01,Transport,248.93,2.6176931321625796,1.0185861537213015
2024-04-01,Transport,254.58,5.120158559748944,2.2697143775358475
2024-05-01,Transport,249.31,4.039560989859359,-2.0700762039437492
2024-06-01,Transport,248.54,3.692269181025498,-0.3088524327142905
2024-07-01,Transport,249.05,3.2288817043853113,0.20519835841315004
2024-08-01,Transport,248.11,0.7430566834497387,-0.37743425015057674
2024-09-01,Transport,241.42,-2.6257411366111483,-2.696384668090779
2024-10-01,Transport,247.43,0.43840064948243995,2.489437494822311
2024-11-01,Transport,241.35,0.36177644710579937,-2.4572606393727603
2024-12-01,Transport,246.93,3.1841544440265768,2.3119950279676837
2025-01-01,Transport,265.76,9.569160997732418,7.6256428947474975
2025-02-01,Transport,266.11,7.9904228552877266,0.13169777242625358
2025-03-01,Transport,264.68,6.32707990198047,-0.5373717635564268
2025-04-01,Transport,267.33,5.008248880509059,1.001209007102899
2025-05-01,Transport,264.77,6.201115077614205,-0.9576179254105477
2025-06-01,Transport,267.17,7.495775327915033,0.9064471050345801
2025-07-01,Transport,271.23,8.90584220036137,1.5196316951753497
2025-08-01,Transport,272.13,9.681189794849043,0.3318217011392566
2025-09-01,Transport,260.98,8.10206279512884,-4.097306434424719
2025-10-01,Transport,266.53,7.7193549690821595,2.1265997394436242
2025-11-01,Transport,266.83,10.557281955666031,0.1125576858139743
2025-12-01,Transport,265.8,7.641841817519146,-0.3860135666903908
